persid,hhid,persno,primary_mode_raw,travel_mode_3,hhinc_group,hh_income_3,anzsco1,occupation_5,homesubregion_asgs_person,homeregion_asgs_person,region_3,studying,anywork,edu_status_3,agegroup,age_stage_4,totalvehs,veh_own_3,sex,relationship,owndwell,homelga,persinc,perspoststratweight,hhpoststratweight,main_journey_duration_min
Y24H5740337P01,Y24H5740337,1,Vehicle Driver,Private,"$650-$799 ($33,800-$41,599)",Low,Clerical and Administrative Workers,Student,MELB - Inner,Greater Melbourne,Inner Melbourne,Part-time TAFE/Uni,Yes,Currently Studying,25->29,Young Adults,1,1 car,Female,Self,Being Rented,Stonnington (C),"$650-$799 ($33,800-$41,599)",1030.903333264,735.412958,30.0
Y24H5750233P01,Y24H5750233,1,Vehicle Driver,Private,"$300-$399 ($15,600-$20,799)",Low,Sales Workers,Student,MELB - Middle,Greater Melbourne,Outer Melbourne,Full-time TAFE/Uni,Yes,Currently Studying,20->24,Young Adults,1,1 car,Male,Self,Being Rented,Whitehorse (C),"$150-$299 ($7,800-$15,599)",795.260765041,693.4638144,25.0
Y24H5750233P03,Y24H5750233,3,Train,Public,"$300-$399 ($15,600-$20,799)",Low,Sales Workers,Student,MELB - Middle,Greater Melbourne,Outer Melbourne,Full-time TAFE/Uni,Yes,Currently Studying,20->24,Young Adults,1,1 car,Male,Other relative,Being Rented,Whitehorse (C),"$1-$149 ($1-$7,799)",795.260765041,693.4638144,49.0
Y24H5750333P03,Y24H5750333,3,Train,Public,"$8,000 or more ($416,000 or more)",High,Sales Workers,Student,MELB - Middle,Greater Melbourne,Outer Melbourne,Full-time TAFE/Uni,Yes,Currently Studying,20->24,Young Adults,3,2+ cars,Male,Child,Fully Owned,Maribyrnong (C),"$1,000-$1,249 ($52,000-$64,999)",1198.378620849,1271.140947,36.0
Y24H5750333P04,Y24H5750333,4,Tram,Public,"$8,000 or more ($416,000 or more)",High,Sales Workers,Student,MELB - Middle,Greater Melbourne,Outer Melbourne,Full-time TAFE/Uni,Yes,Currently Studying,15->19,Children,3,2+ cars,Male,Child,Fully Owned,Maribyrnong (C),"$800-$999 ($41,600-$51,999)",1622.420308778,1271.140947,60.0
Y24H5750401P04,Y24H5750401,4,Vehicle Passenger,Private,"$4,000-$4,499 ($208,000-$233,999)",High,Labourers,Student,MELB - Outer,Greater Melbourne,Outer Melbourne,Full-time TAFE/Uni,Yes,Currently Studying,20->24,Young Adults,2,2+ cars,Female,Other relative,Being Rented,Whittlesea (C),"$150-$299 ($7,800-$15,599)",326.684065892,407.0730183,30.0
Y24H5750418P04,Y24H5750418,4,Vehicle Passenger,Private,"$3,000-$3,499 ($156,000-$181,999)",High,Sales Workers,Student,MELB - Outer,Greater Melbourne,Outer Melbourne,Full-time TAFE/Uni,Yes,Currently Studying,15->19,Children,4,2+ cars,Female,Child,Being Rented,Whittlesea (C),"$650-$799 ($33,800-$41,599)",821.004997676,880.4454977,23.0
Y24H5750420P01,Y24H5750420,1,Vehicle Driver,Private,"$2,500-$2,999 ($130,000-$155,999)",High,Professionals,Student,MELB - Outer,Greater Melbourne,Outer Melbourne,Part-time TAFE/Uni,Yes,Currently Studying,40->44,Adults,2,2+ cars,Male,Self,Being Purchased,Whittlesea (C),"$2,000-$2,999 ($104,000-$155,999)",268.44579161,561.8029802,84.0
Y24H5750430P01,Y24H5750430,1,Vehicle Driver,Private,"$1,250-$1,499 ($65,000-$77,999)",Medium,Sales Workers,Student,MELB - Outer,Greater Melbourne,Outer Melbourne,Part-time TAFE/Uni,Yes,Currently Studying,35->39,Adults,2,2+ cars,Male,Self,Being Rented,Whittlesea (C),"$1,250-$1,499 ($65,000-$77,999)",233.724176394,474.1582485,63.0
Y24H5750442P02,Y24H5750442,2,Train,Public,"$2,000-$2,499 ($104,000-$129,999)",High,Community and Personal Service Workers,Student,MELB - Outer,Greater Melbourne,Outer Melbourne,Full-time TAFE/Uni,Yes,Currently Studying,30->34,Adults,1,1 car,Female,Spouse,Being Purchased,Whittlesea (C),"$300-$399 ($15,600-$20,799)",525.810949524,704.1463601,38.0
Y24H5760231P03,Y24H5760231,3,Vehicle Passenger,Private,"$4,000-$4,499 ($208,000-$233,999)",High,Not in Work Force,Student,MELB - Outer,Greater Melbourne,Outer Melbourne,Full-time TAFE/Uni,No,Currently Studying,20->24,Young Adults,3,2+ cars,Female,Child,Being Purchased,Manningham (C),"$1,500-$1,749 ($78,000-$90,999)",434.335454779,250.188026,45.0
Y24H5760326P02,Y24H5760326,2,Vehicle Driver,Private,"$3,500-$3,999 ($182,000-$207,999)",High,Professionals,Student,MELB - Middle,Greater Melbourne,Outer Melbourne,Part-time TAFE/Uni,Yes,Currently Studying,45->49,Adults,2,2+ cars,Female,Spouse,Being Rented,Bayside (C),"$1,000-$1,249 ($52,000-$64,999)",771.912267748,480.4622131,35.0
Y24H5760329P03,Y24H5760329,3,Vehicle Driver,Private,"$1,750-$1,999 ($91,000-$103,999)",Medium,Sales Workers,Student,MELB - Middle,Greater Melbourne,Outer Melbourne,Full-time TAFE/Uni,Yes,Currently Studying,15->19,Children,3,2+ cars,Female,Child,Being Purchased,Bayside (C),"$1-$149 ($1-$7,799)",381.567928428,411.8522561,45.0
Y24H5770237P03,Y24H5770237,3,Vehicle Driver,Private,"$5,000-$5,999 ($260,000-$311,999)",High,Not in Work Force,Student,MELB - Outer,Greater Melbourne,Outer Melbourne,Full-time TAFE/Uni,No,Currently Studying,20->24,Young Adults,2,2+ cars,Male,Child,Being Purchased,Knox (C),"$500-$649 ($26,000-$33,799)",528.684711144,424.1805654,13.0
Y24H5770322P03,Y24H5770322,3,Tram,Public,"$3,500-$3,999 ($182,000-$207,999)",High,Community and Personal Service Workers,Student,MELB - Inner,Greater Melbourne,Inner Melbourne,Full-time TAFE/Uni,Yes,Currently Studying,20->24,Young Adults,2,2+ cars,Male,Child,Being Purchased,Yarra (C),"$650-$799 ($33,800-$41,599)",1612.498173473,664.4300747,27.0
Y24H5780104P03,Y24H5780104,3,Vehicle Driver,Private,"$2,000-$2,499 ($104,000-$129,999)",High,Not in Work Force,Student,MELB - Outer,Greater Melbourne,Outer Melbourne,Full-time TAFE/Uni,No,Currently Studying,20->24,Young Adults,3,2+ cars,Female,Child,Being Purchased,Casey (C),"$300-$399 ($15,600-$20,799)",2163.529095079,1225.17899,25.0
Y24H5780122P03,Y24H5780122,3,Vehicle Driver,Private,"$4,500-$4,999 ($234,000-$259,999)",High,Community and Personal Service Workers,Student,MELB - Outer,Greater Melbourne,Outer Melbourne,Full-time TAFE/Uni,Yes,Currently Studying,15->19,Children,4,2+ cars,Female,Child,Fully Owned,Casey (C),"$300-$399 ($15,600-$20,799)",1306.190152982,1021.267741,34.0
Y24H5780311P01,Y24H5780311,1,Vehicle Driver,Private,"$5,000-$5,999 ($260,000-$311,999)",High,Managers,Student,MELB - Inner,Greater Melbourne,Inner Melbourne,Part-time TAFE/Uni,Yes,Currently Studying,75->79,Seniors,2,2+ cars,Male,Self,Fully Owned,Glen Eira (C),"$3,000-$3,499 ($156,000-$181,999)",422.585844662,546.915089,31.0
Y24H5780325P01,Y24H5780325,1,Walking,Active,"$800-$999 ($41,600-$51,999)",Medium,Managers,Student,MELB - Inner,Greater Melbourne,Inner Melbourne,Part-time TAFE/Uni,Yes,Currently Studying,20->24,Young Adults,0,No car,Male,Self,Being Rented,Glen Eira (C),"$800-$999 ($41,600-$51,999)",446.304415523,440.4269546,15.0
Y24H5780404P01,Y24H5780404,1,Train,Public,"$2,000-$2,499 ($104,000-$129,999)",High,Professionals,Student,MELB - Inner,Greater Melbourne,Inner Melbourne,Part-time TAFE/Uni,Yes,Currently Studying,25->29,Young Adults,0,No car,Male,Self,Being Rented,Merri-bek (C),"$1,250-$1,499 ($65,000-$77,999)",305.635012797,279.4967015,56.0
Y24H5780436P01,Y24H5780436,1,Train,Public,"$1-$149 ($1-$7,799)",Low,Not in Work Force,Student,MELB - Inner,Greater Melbourne,Inner Melbourne,Full-time TAFE/Uni,No,Currently Studying,30->34,Adults,1,1 car,Male,Self,Fully Owned,Merri-bek (C),Negative income,579.080932505,414.0318981,90.0
Y24H5780436P02,Y24H5780436,2,Vehicle Driver,Private,"$1-$149 ($1-$7,799)",Low,Community and Personal Service Workers,Student,MELB - Inner,Greater Melbourne,Inner Melbourne,Full-time TAFE/Uni,Yes,Currently Studying,20->24,Young Adults,1,1 car,Male,Unrelated,Fully Owned,Merri-bek (C),"$1-$149 ($1-$7,799)",865.108448715,414.0318981,60.0
Y24H5790135P03,Y24H5790135,3,Public Bus,Public,"$3,000-$3,499 ($156,000-$181,999)",High,Sales Workers,Student,MELB - Outer,Greater Melbourne,Outer Melbourne,Full-time TAFE/Uni,Yes,Currently Studying,20->24,Young Adults,3,2+ cars,Female,Child,Fully Owned,Casey (C),"$150-$299 ($7,800-$15,599)",487.66520568,399.6738626,50.0
Y24H5790212P04,Y24H5790212,4,Train,Public,"$4,000-$4,499 ($208,000-$233,999)",High,Not in Work Force,Student,MELB - Middle,Greater Melbourne,Outer Melbourne,Full-time TAFE/Uni,No,Currently Studying,15->19,Children,3,2+ cars,Female,Child,Being Purchased,Monash (C),"$1-$149 ($1-$7,799)",860.475391774,502.9580968,45.0
Y24H5790240P04,Y24H5790240,4,Vehicle Passenger,Private,"$4,500-$4,999 ($234,000-$259,999)",High,Sales Workers,Student,MELB - Middle,Greater Melbourne,Outer Melbourne,Full-time TAFE/Uni,Yes,Currently Studying,20->24,Young Adults,1,1 car,Female,Child,Fully Owned,Monash (C),"$1,250-$1,499 ($65,000-$77,999)",573.037559605,591.5930532,7.0
Y24H5790240P05,Y24H5790240,5,Vehicle Passenger,Private,"$4,500-$4,999 ($234,000-$259,999)",High,Not in Work Force,Student,MELB - Middle,Greater Melbourne,Outer Melbourne,Full-time TAFE/Uni,No,Currently Studying,15->19,Children,1,1 car,Female,Child,Fully Owned,Monash (C),"$1-$149 ($1-$7,799)",1012.114662085,591.5930532,22.0
Y24H5800202P04,Y24H5800202,4,Vehicle Driver,Private,"$3,500-$3,999 ($182,000-$207,999)",High,Community and Personal Service Workers,Student,MELB - Inner,Greater Melbourne,Inner Melbourne,Full-time TAFE/Uni,Yes,Currently Studying,20->24,Young Adults,2,2+ cars,Male,Child,Being Purchased,Boroondara (C),"$150-$299 ($7,800-$15,599)",822.786940375,601.7022342,58.0
Y24H5800216P03,Y24H5800216,3,Walking,Active,"$6,000-$7,999 ($312,000-$415,999)",High,Clerical and Administrative Workers,Student,MELB - Inner,Greater Melbourne,Inner Melbourne,Full-time TAFE/Uni,Yes,Currently Studying,20->24,Young Adults,2,2+ cars,Male,Child,Fully Owned,Boroondara (C),"$1-$149 ($1-$7,799)",620.487540694,752.475813,10.0
Y24H5800217P03,Y24H5800217,3,Vehicle Driver,Private,"$4,500-$4,999 ($234,000-$259,999)",High,Technicians and Trades Workers,Student,MELB - Inner,Greater Melbourne,Inner Melbourne,Full-time TAFE/Uni,Yes,Currently Studying,20->24,Young Adults,4,2+ cars,Male,Child,Fully Owned,Boroondara (C),Nil income,947.335634462,1166.288604,40.0
Y24H5800218P03,Y24H5800218,3,Vehicle Driver,Private,"$1,250-$1,499 ($65,000-$77,999)",Medium,Sales Workers,Student,MELB - Inner,Greater Melbourne,Inner Melbourne,Full-time TAFE/Uni,Yes,Currently Studying,20->24,Young Adults,2,2+ cars,Female,Child,Being Purchased,Boroondara (C),"$300-$399 ($15,600-$20,799)",494.886866554,576.9453676,13.0
Y24H5800237P03,Y24H5800237,3,Vehicle Driver,Private,"$6,000-$7,999 ($312,000-$415,999)",High,Sales Workers,Student,MELB - Middle,Greater Melbourne,Outer Melbourne,Full-time TAFE/Uni,Yes,Currently Studying,20->24,Young Adults,4,2+ cars,Female,Child,Being Purchased,Whitehorse (C),"$650-$799 ($33,800-$41,599)",1012.283941335,1004.031937,51.0
Y24H5800237P04,Y24H5800237,4,Vehicle Driver,Private,"$6,000-$7,999 ($312,000-$415,999)",High,Clerical and Administrative Workers,Student,MELB - Middle,Greater Melbourne,Outer Melbourne,Full-time TAFE/Uni,Yes,Currently Studying,20->24,Young Adults,4,2+ cars,Female,Child,Being Purchased,Whitehorse (C),"$1,000-$1,249 ($52,000-$64,999)",1012.283941335,1004.031937,69.0
Y24H5800322P01,Y24H5800322,1,Walking,Active,"$2,500-$2,999 ($130,000-$155,999)",High,Sales Workers,Student,MELB - Inner,Greater Melbourne,Inner Melbourne,Part-time TAFE/Uni,Yes,Currently Studying,25->29,Young Adults,0,No car,Male,Self,Being Rented,Melbourne (C),"$2,000-$2,999 ($104,000-$155,999)",4644.239030501,4031.853042,24.0
Y24H5800339P01,Y24H5800339,1,Tram,Public,,Unknown,Not in Work Force,Student,MELB - Inner,Greater Melbourne,Inner Melbourne,Full-time TAFE/Uni,No,Currently Studying,20->24,Young Adults,0,No car,Female,Self,Being Rented,Melbourne (C),Nil income,5161.165628096,3538.720089,26.0
Y24H5800339P02,Y24H5800339,2,Train,Public,,Unknown,Not in Work Force,Student,MELB - Inner,Greater Melbourne,Inner Melbourne,Full-time TAFE/Uni,No,Currently Studying,20->24,Young Adults,0,No car,Male,Other relative,Being Rented,Melbourne (C),Nil income,5478.100581443,3538.720089,60.0
Y24H5800529P02,Y24H5800529,2,Vehicle Driver,Private,"$6,000-$7,999 ($312,000-$415,999)",High,Managers,Student,MELB - Outer,Greater Melbourne,Outer Melbourne,Part-time TAFE/Uni,Yes,Currently Studying,40->44,Adults,2,2+ cars,Female,Spouse,Being Purchased,Hobsons Bay (C),"$2,000-$2,999 ($104,000-$155,999)",1849.415724709,1754.182288,68.0
Y24H5810102P04,Y24H5810102,4,Train,Public,"$2,000-$2,499 ($104,000-$129,999)",High,Sales Workers,Student,MELB - Outer,Greater Melbourne,Outer Melbourne,Full-time TAFE/Uni,Yes,Currently Studying,20->24,Young Adults,2,2+ cars,Female,Child,Fully Owned,Casey (C),"$300-$399 ($15,600-$20,799)",1222.571735963,1001.978329,54.0
Y24H5810115P04,Y24H5810115,4,Vehicle Passenger,Private,"$5,000-$5,999 ($260,000-$311,999)",High,Sales Workers,Student,MELB - Outer,Greater Melbourne,Outer Melbourne,Full-time TAFE/Uni,Yes,Currently Studying,20->24,Young Adults,2,2+ cars,Male,Other relative,Fully Owned,Casey (C),"$1-$149 ($1-$7,799)",1146.45583683,888.4162401,70.0
Y24H5810209P03,Y24H5810209,3,Vehicle Driver,Private,"$3,000-$3,499 ($156,000-$181,999)",High,Clerical and Administrative Workers,Student,MELB - Middle,Greater Melbourne,Outer Melbourne,Full-time TAFE/Uni,Yes,Currently Studying,20->24,Young Adults,3,2+ cars,Female,Child,Fully Owned,Knox (C),"$300-$399 ($15,600-$20,799)",563.175623829,705.0588011,8.0
Y24H5810215P03,Y24H5810215,3,Vehicle Driver,Private,"$500-$649 ($26,000-$33,799)",Low,Not in Work Force,Student,MELB - Middle,Greater Melbourne,Outer Melbourne,Full-time TAFE/Uni,No,Currently Studying,20->24,Young Adults,4,2+ cars,Female,Child,Being Purchased,Knox (C),"$1,250-$1,499 ($65,000-$77,999)",740.458214101,508.2911257,30.0
Y24H5810229P04,Y24H5810229,4,Vehicle Driver,Private,"$2,500-$2,999 ($130,000-$155,999)",High,Sales Workers,Student,MELB - Middle,Greater Melbourne,Outer Melbourne,Part-time TAFE/Uni,Yes,Currently Studying,20->24,Young Adults,5,2+ cars,Female,Child,Fully Owned,Maroondah (C),"$1-$149 ($1-$7,799)",898.474083602,1312.929524,10.0
Y24H5820101P04,Y24H5820101,4,Vehicle Driver,Private,"$2,000-$2,499 ($104,000-$129,999)",High,Sales Workers,Student,MELB - Outer,Greater Melbourne,Outer Melbourne,Full-time TAFE/Uni,Yes,Currently Studying,20->24,Young Adults,4,2+ cars,Male,Child,Being Purchased,Casey (C),"$150-$299 ($7,800-$15,599)",394.06268125,381.7108283,13.0
Y24H5820304P01,Y24H5820304,1,Train,Public,"$2,000-$2,499 ($104,000-$129,999)",High,Professionals,Student,MELB - Inner,Greater Melbourne,Inner Melbourne,Part-time TAFE/Uni,Yes,Currently Studying,35->39,Adults,1,1 car,Male,Self,Being Rented,Melbourne (C),"$1,500-$1,749 ($78,000-$90,999)",1706.855494781,2164.486283,39.0
Y24H5820437P03,Y24H5820437,3,Train,Public,"$4,000-$4,499 ($208,000-$233,999)",High,Not in Work Force,Student,MELB - Outer,Greater Melbourne,Outer Melbourne,Full-time TAFE/Uni,No,Currently Studying,20->24,Young Adults,2,2+ cars,Female,Child,Being Purchased,Hume (C),"$1,000-$1,249 ($52,000-$64,999)",1332.064436938,566.7907398,121.0
Y24H5820525P04,Y24H5820525,4,Train,Public,"$6,000-$7,999 ($312,000-$415,999)",High,Community and Personal Service Workers,Student,MELB - Outer,Greater Melbourne,Outer Melbourne,Full-time TAFE/Uni,Yes,Currently Studying,20->24,Young Adults,2,2+ cars,Male,Child,Being Rented,Wyndham (C),"$300-$399 ($15,600-$20,799)",470.357065311,358.1253763,128.0
Y24H5830108P03,Y24H5830108,3,Vehicle Passenger,Private,"$3,000-$3,499 ($156,000-$181,999)",High,Community and Personal Service Workers,Student,MELB - Middle,Greater Melbourne,Outer Melbourne,Full-time TAFE/Uni,Yes,Currently Studying,15->19,Children,2,2+ cars,Male,Child,Fully Owned,Kingston (C),"$1-$149 ($1-$7,799)",611.82675488,799.646335,14.0
Y24H5830141P01,Y24H5830141,1,Vehicle Driver,Private,"$1,250-$1,499 ($65,000-$77,999)",Medium,Community and Personal Service Workers,Student,MELB - Middle,Greater Melbourne,Outer Melbourne,Part-time TAFE/Uni,Yes,Currently Studying,20->24,Young Adults,2,2+ cars,Female,Self,Being Rented,Kingston (C),"$400-$499 ($20,800-$25,999)",394.816668567,475.4909454,7.0
Y24H5830508P03,Y24H5830508,3,Vehicle Driver,Private,"$2,500-$2,999 ($130,000-$155,999)",High,Community and Personal Service Workers,Student,MELB - Middle,Greater Melbourne,Outer Melbourne,Full-time TAFE/Uni,Yes,Currently Studying,15->19,Children,3,2+ cars,Male,Child,Fully Owned,Brimbank (C),Nil income,2197.770663697,931.6860262,25.0
Y24H5840229P01,Y24H5840229,1,Vehicle Driver,Private,"$650-$799 ($33,800-$41,599)",Low,Professionals,Student,MELB - Middle,Greater Melbourne,Outer Melbourne,Full-time TAFE/Uni,Yes,Currently Studying,25->29,Young Adults,1,1 car,Female,Self,Being Rented,Manningham (C),"$650-$799 ($33,800-$41,599)",1022.933284834,798.5852919,16.0
Y24H5850219P03,Y24H5850219,3,Train,Public,"$6,000-$7,999 ($312,000-$415,999)",High,Technicians and Trades Workers,Student,MELB - Outer,Greater Melbourne,Outer Melbourne,Part-time TAFE/Uni,Yes,Currently Studying,25->29,Young Adults,2,2+ cars,Male,Child,Being Rented,Knox (C),"$3,000-$3,499 ($156,000-$181,999)",1086.834877387,510.3344038,25.0
Y24H5850310P03,Y24H5850310,3,Train,Public,"$3,000-$3,499 ($156,000-$181,999)",High,Not in Work Force,Student,MELB - Inner,Greater Melbourne,Inner Melbourne,Full-time TAFE/Uni,No,Currently Studying,20->24,Young Adults,4,2+ cars,Female,Child,Fully Owned,Melbourne (C),Nil income,2501.559542737,1715.178246,40.0
Y24H5850340P02,Y24H5850340,2,Walking,Active,"$2,500-$2,999 ($130,000-$155,999)",High,Technicians and Trades Workers,Student,MELB - Inner,Greater Melbourne,Inner Melbourne,Part-time TAFE/Uni,Yes,Currently Studying,35->39,Adults,0,No car,Female,Spouse,Being Rented,Yarra (C),"$800-$999 ($41,600-$51,999)",2665.826233612,1361.987347,5.0
Y24H5850521P01,Y24H5850521,1,Vehicle Passenger,Private,"$3,000-$3,499 ($156,000-$181,999)",High,Professionals,Student,MELB - Outer,Greater Melbourne,Outer Melbourne,Full-time TAFE/Uni,Yes,Currently Studying,25->29,Young Adults,1,1 car,Female,Self,Being Rented,Melton (S),"$1,500-$1,749 ($78,000-$90,999)",1188.525618738,803.2751259,30.0
Y24H5850524P03,Y24H5850524,3,Vehicle Driver,Private,"$2,500-$2,999 ($130,000-$155,999)",High,Technicians and Trades Workers,Student,MELB - Outer,Greater Melbourne,Outer Melbourne,Part-time TAFE/Uni,Yes,Currently Studying,25->29,Young Adults,3,2+ cars,Male,Other relative,Being Purchased,Wyndham (C),"$800-$999 ($41,600-$51,999)",3046.748407775,1598.7601,30.0
Y24H5860105P03,Y24H5860105,3,Vehicle Driver,Private,"$5,000-$5,999 ($260,000-$311,999)",High,Professionals,Student,MELB - Outer,Greater Melbourne,Outer Melbourne,Full-time TAFE/Uni,Yes,Currently Studying,20->24,Young Adults,4,2+ cars,Female,Child,Being Purchased,Frankston (C),"$650-$799 ($33,800-$41,599)",1559.185504585,1360.881291,40.0
Y24H5860316P01,Y24H5860316,1,Vehicle Driver,Private,"$1,000-$1,249 ($52,000-$64,999)",Medium,Professionals,Student,MELB - Inner,Greater Melbourne,Inner Melbourne,Part-time TAFE/Uni,Yes,Currently Studying,30->34,Adults,1,1 car,Female,Self,Being Rented,Maribyrnong (C),"$1,000-$1,249 ($52,000-$64,999)",831.986176811,637.9663404,45.0
Y24H5860323P01,Y24H5860323,1,Vehicle Driver,Private,"$1,000-$1,249 ($52,000-$64,999)",Medium,Community and Personal Service Workers,Student,MELB - Inner,Greater Melbourne,Inner Melbourne,Full-time TAFE/Uni,Yes,Currently Studying,25->29,Young Adults,1,1 car,Female,Self,Being Rented,Maribyrnong (C),"$1,000-$1,249 ($52,000-$64,999)",684.241787335,405.9785803,7.0
Y24H5860325P02,Y24H5860325,2,Train,Public,"$1,500-$1,749 ($78,000-$90,999)",Medium,Clerical and Administrative Workers,Student,MELB - Inner,Greater Melbourne,Inner Melbourne,Part-time TAFE/Uni,Yes,Currently Studying,25->29,Young Adults,1,1 car,Female,Unrelated,Being Rented,Maribyrnong (C),"$1,500-$1,749 ($78,000-$90,999)",403.683203218,307.7069108,40.0
Y24H5870302P04,Y24H5870302,4,Vehicle Passenger,Private,"$1,750-$1,999 ($91,000-$103,999)",Medium,Professionals,Student,MELB - Middle,Greater Melbourne,Outer Melbourne,Full-time TAFE/Uni,Yes,Currently Studying,15->19,Children,2,2+ cars,Female,Grandchild,Fully Owned,Boroondara (C),"$1-$149 ($1-$7,799)",306.837222603,551.5603814,30.0
Y24H5870336P02,Y24H5870336,2,Public Bus,Public,"$3,000-$3,499 ($156,000-$181,999)",High,Professionals,Student,MELB - Middle,Greater Melbourne,Outer Melbourne,Part-time TAFE/Uni,Yes,Currently Studying,30->34,Adults,2,2+ cars,Female,Spouse,Being Rented,Boroondara (C),"$1,500-$1,749 ($78,000-$90,999)",1237.021065434,1022.807856,50.0
Y24H5890106P03,Y24H5890106,3,Vehicle Driver,Private,"$4,500-$4,999 ($234,000-$259,999)",High,Community and Personal Service Workers,Student,MELB - Outer,Greater Melbourne,Outer Melbourne,Part-time TAFE/Uni,Yes,Currently Studying,20->24,Young Adults,3,2+ cars,Female,Child,Fully Owned,Mornington Peninsula (S),"$500-$649 ($26,000-$33,799)",1117.148305651,536.3092164,15.0
Y24H5890202P01,Y24H5890202,1,Vehicle Driver,Private,"$1,250-$1,499 ($65,000-$77,999)",Medium,Labourers,Student,MELB - Middle,Greater Melbourne,Outer Melbourne,Full-time TAFE/Uni,Yes,Currently Studying,35->39,Adults,2,2+ cars,Male,Self,Being Rented,Monash (C),"$300-$399 ($15,600-$20,799)",1119.918577352,708.2759368,4.0
Y24H5890224P03,Y24H5890224,3,Vehicle Driver,Private,"$5,000-$5,999 ($260,000-$311,999)",High,Not in Work Force,Student,MELB - Middle,Greater Melbourne,Outer Melbourne,Full-time TAFE/Uni,No,Currently Studying,20->24,Young Adults,4,2+ cars,Male,Child,Fully Owned,Monash (C),"$1,250-$1,499 ($65,000-$77,999)",1946.880875804,1319.69676,15.0
Y24H5890504P03,Y24H5890504,3,Vehicle Driver,Private,"$1,250-$1,499 ($65,000-$77,999)",Medium,Labourers,Student,MELB - Outer,Greater Melbourne,Outer Melbourne,Full-time TAFE/Uni,Yes,Currently Studying,20->24,Young Adults,2,2+ cars,Male,Unrelated,Being Rented,Melton (S),Nil income,911.098384353,702.0921657,20.0
Y24H5890504P04,Y24H5890504,4,Train,Public,"$1,250-$1,499 ($65,000-$77,999)",Medium,Community and Personal Service Workers,Student,MELB - Outer,Greater Melbourne,Outer Melbourne,Full-time TAFE/Uni,Yes,Currently Studying,20->24,Young Adults,2,2+ cars,Male,Unrelated,Being Rented,Melton (S),"$1,250-$1,499 ($65,000-$77,999)",792.871111578,702.0921657,57.0
Y24H5890504P05,Y24H5890504,5,Train,Public,"$1,250-$1,499 ($65,000-$77,999)",Medium,Not in Work Force,Student,MELB - Outer,Greater Melbourne,Outer Melbourne,Full-time TAFE/Uni,No,Currently Studying,15->19,Children,2,2+ cars,Male,Unrelated,Being Rented,Melton (S),Nil income,1226.098609383,702.0921657,17.0
Y24H5890524P03,Y24H5890524,3,Vehicle Passenger,Private,"$2,000-$2,499 ($104,000-$129,999)",High,Not in Work Force,Student,MELB - Outer,Greater Melbourne,Outer Melbourne,Full-time TAFE/Uni,No,Currently Studying,20->24,Young Adults,1,1 car,Female,Child,Fully Owned,Wyndham (C),"$1-$149 ($1-$7,799)",534.224140975,323.9528341,15.0
Y24H5890524P04,Y24H5890524,4,Train,Public,"$2,000-$2,499 ($104,000-$129,999)",High,Not in Work Force,Student,MELB - Outer,Greater Melbourne,Outer Melbourne,Full-time TAFE/Uni,No,Currently Studying,20->24,Young Adults,1,1 car,Female,Child,Fully Owned,Wyndham (C),"$1-$149 ($1-$7,799)",534.224140975,323.9528341,60.0
Y24H5900224P02,Y24H5900224,2,Train,Public,"$650-$799 ($33,800-$41,599)",Low,Community and Personal Service Workers,Student,MELB - Middle,Greater Melbourne,Outer Melbourne,Part-time TAFE/Uni,Yes,Currently Studying,20->24,Young Adults,2,2+ cars,Female,Child,Fully Owned,Whitehorse (C),"$500-$649 ($26,000-$33,799)",603.656852223,389.0624696,46.0
Y24H5900302P02,Y24H5900302,2,Tram,Public,"$1,250-$1,499 ($65,000-$77,999)",Medium,Community and Personal Service Workers,Student,MELB - Inner,Greater Melbourne,Inner Melbourne,Part-time TAFE/Uni,Yes,Currently Studying,40->44,Adults,2,2+ cars,Female,Spouse,Being Purchased,Port Phillip (C),"$300-$399 ($15,600-$20,799)",1776.542314355,1092.348636,37.0
Y24H5910103P02,Y24H5910103,2,Vehicle Driver,Private,"$2,500-$2,999 ($130,000-$155,999)",High,Community and Personal Service Workers,Student,MELB - Outer,Greater Melbourne,Outer Melbourne,Full-time TAFE/Uni,Yes,Currently Studying,30->34,Adults,2,2+ cars,Male,Spouse,Being Purchased,Casey (C),"$650-$799 ($33,800-$41,599)",582.620166207,512.7799863,18.0
Y24H5910403P03,Y24H5910403,3,Vehicle Driver,Private,"$3,500-$3,999 ($182,000-$207,999)",High,Technicians and Trades Workers,Student,MELB - Middle,Greater Melbourne,Outer Melbourne,Part-time TAFE/Uni,Yes,Currently Studying,20->24,Young Adults,2,2+ cars,Male,Child,Being Purchased,Darebin (C),"$800-$999 ($41,600-$51,999)",292.897043027,346.1586723,30.0
Y24H5920403P03,Y24H5920403,3,Vehicle Driver,Private,"$4,500-$4,999 ($234,000-$259,999)",High,Managers,Student,MELB - Outer,Greater Melbourne,Outer Melbourne,Part-time TAFE/Uni,Yes,Currently Studying,20->24,Young Adults,3,2+ cars,Male,Child,Fully Owned,Whittlesea (C),"$1,250-$1,499 ($65,000-$77,999)",468.907260328,806.8402807,60.0
Y24H5920406P02,Y24H5920406,2,Vehicle Driver,Private,"$4,500-$4,999 ($234,000-$259,999)",High,Professionals,Student,MELB - Outer,Greater Melbourne,Outer Melbourne,Part-time TAFE/Uni,Yes,Currently Studying,55->59,Adults,2,2+ cars,Female,Spouse,Fully Owned,Whittlesea (C),"$1,500-$1,749 ($78,000-$90,999)",653.930295684,767.6165898,35.0
Y24H5930130P01,Y24H5930130,1,Vehicle Driver,Private,"$800-$999 ($41,600-$51,999)",Medium,Professionals,Student,MELB - Middle,Greater Melbourne,Outer Melbourne,Full-time TAFE/Uni,Yes,Currently Studying,20->24,Young Adults,1,1 car,Female,Self,Being Rented,Kingston (C),"$800-$999 ($41,600-$51,999)",610.39841251,619.9125377,60.0
Y24H5930403P01,Y24H5930403,1,Vehicle Driver,Private,"$1,500-$1,749 ($78,000-$90,999)",Medium,Managers,Student,MELB - Outer,Greater Melbourne,Outer Melbourne,Part-time TAFE/Uni,Yes,Currently Studying,45->49,Adults,4,2+ cars,Female,Self,Being Rented,Whittlesea (C),"$1,000-$1,249 ($52,000-$64,999)",1570.881204542,1596.021145,35.0
Y24H5930420P03,Y24H5930420,3,Public Bus,Public,"$3,500-$3,999 ($182,000-$207,999)",High,Community and Personal Service Workers,Student,MELB - Outer,Greater Melbourne,Outer Melbourne,Full-time TAFE/Uni,Yes,Currently Studying,20->24,Young Adults,3,2+ cars,Male,Child,Being Purchased,Whittlesea (C),"$400-$499 ($20,800-$25,999)",489.978675899,633.8693547,30.0
Y24H5930420P04,Y24H5930420,4,Vehicle Driver,Private,"$3,500-$3,999 ($182,000-$207,999)",High,Community and Personal Service Workers,Student,MELB - Outer,Greater Melbourne,Outer Melbourne,Full-time TAFE/Uni,Yes,Currently Studying,20->24,Young Adults,3,2+ cars,Female,Child,Being Purchased,Whittlesea (C),"$400-$499 ($20,800-$25,999)",499.824357942,633.8693547,18.0
Y24H5930423P02,Y24H5930423,2,Vehicle Passenger,Private,"$800-$999 ($41,600-$51,999)",Medium,Not in Work Force,Student,MELB - Outer,Greater Melbourne,Outer Melbourne,Full-time TAFE/Uni,No,Currently Studying,40->44,Adults,3,2+ cars,Female,Spouse,Being Rented,Whittlesea (C),"$300-$399 ($15,600-$20,799)",511.907886186,548.1985029,35.0
Y24H5930438P01,Y24H5930438,1,Vehicle Driver,Private,"$5,000-$5,999 ($260,000-$311,999)",High,Professionals,Student,MELB - Outer,Greater Melbourne,Outer Melbourne,Part-time TAFE/Uni,Yes,Currently Studying,35->39,Adults,2,2+ cars,Male,Self,Being Purchased,Whittlesea (C),"$2,000-$2,999 ($104,000-$155,999)",281.45321755,570.9865651,35.0
Y24H5930438P02,Y24H5930438,2,Vehicle Driver,Private,"$5,000-$5,999 ($260,000-$311,999)",High,Professionals,Student,MELB - Outer,Greater Melbourne,Outer Melbourne,Part-time TAFE/Uni,Yes,Currently Studying,30->34,Adults,2,2+ cars,Male,Spouse,Being Purchased,Whittlesea (C),"$2,000-$2,999 ($104,000-$155,999)",314.249287015,570.9865651,35.0
Y24H5940409P03,Y24H5940409,3,Vehicle Driver,Private,"$3,500-$3,999 ($182,000-$207,999)",High,Sales Workers,Student,MELB - Outer,Greater Melbourne,Outer Melbourne,Part-time TAFE/Uni,Yes,Currently Studying,20->24,Young Adults,3,2+ cars,Male,Child,Fully Owned,Whittlesea (C),"$1,250-$1,499 ($65,000-$77,999)",466.445112635,802.6037075,15.0
Y24H5940411P03,Y24H5940411,3,Vehicle Driver,Private,"$5,000-$5,999 ($260,000-$311,999)",High,Managers,Student,MELB - Outer,Greater Melbourne,Outer Melbourne,Part-time TAFE/Uni,Yes,Currently Studying,20->24,Young Adults,5,2+ cars,Male,Child,Fully Owned,Whittlesea (C),"$1,500-$1,749 ($78,000-$90,999)",639.605037162,1100.556872,30.0
Y24H5940411P05,Y24H5940411,5,Vehicle Driver,Private,"$5,000-$5,999 ($260,000-$311,999)",High,Sales Workers,Student,MELB - Outer,Greater Melbourne,Outer Melbourne,Full-time TAFE/Uni,Yes,Currently Studying,20->24,Young Adults,5,2+ cars,Female,Child,Fully Owned,Whittlesea (C),"$300-$399 ($15,600-$20,799)",652.457326739,1100.556872,5.0
Y24H5950305P02,Y24H5950305,2,Tram,Public,"$3,000-$3,499 ($156,000-$181,999)",High,Professionals,Student,MELB - Inner,Greater Melbourne,Inner Melbourne,Full-time TAFE/Uni,Yes,Currently Studying,30->34,Adults,1,1 car,Male,Spouse,Being Purchased,Melbourne (C),"$1,250-$1,499 ($65,000-$77,999)",2123.514598214,2211.003253,49.0
Y24H5980211P03,Y24H5980211,3,Train,Public,"$2,500-$2,999 ($130,000-$155,999)",High,Professionals,Student,MELB - Inner,Greater Melbourne,Inner Melbourne,Full-time TAFE/Uni,Yes,Currently Studying,15->19,Children,2,2+ cars,Female,Child,Being Purchased,Boroondara (C),"$1-$149 ($1-$7,799)",353.054991201,634.6399043,110.0
Y24H5980318P03,Y24H5980318,3,Vehicle Driver,Private,"$8,000 or more ($416,000 or more)",High,Not in Work Force,Student,MELB - Inner,Greater Melbourne,Inner Melbourne,Full-time TAFE/Uni,No,Currently Studying,20->24,Young Adults,4,2+ cars,Female,Child,Fully Owned,Stonnington (C),"$650-$799 ($33,800-$41,599)",2069.350182974,1309.526434,30.0
Y24H5990315P05,Y24H5990315,5,Vehicle Driver,Private,"$6,000-$7,999 ($312,000-$415,999)",High,Labourers,Student,MELB - Middle,Greater Melbourne,Outer Melbourne,Full-time TAFE/Uni,Yes,Currently Studying,15->19,Children,5,2+ cars,Male,Child,Being Purchased,Bayside (C),"$150-$299 ($7,800-$15,599)",1178.110866162,679.1810122,20.0
Y24H5990422P02,Y24H5990422,2,Tram,Public,"$800-$999 ($41,600-$51,999)",Medium,Not in Work Force,Student,MELB - Outer,Greater Melbourne,Outer Melbourne,Full-time TAFE/Uni,No,Currently Studying,30->34,Adults,1,1 car,Female,Spouse,Being Rented,Whittlesea (C),Nil income,1072.128771649,996.820879,57.0
Y24H6000329P02,Y24H6000329,2,Tram,Public,"$5,000-$5,999 ($260,000-$311,999)",High,Professionals,Student,MELB - Inner,Greater Melbourne,Inner Melbourne,Part-time TAFE/Uni,Yes,Currently Studying,25->29,Young Adults,2,2+ cars,Male,Child,Fully Owned,Port Phillip (C),"$2,000-$2,999 ($104,000-$155,999)",821.974656704,726.4081265,33.0
Y24H6010125P03,Y24H6010125,3,Vehicle Driver,Private,"$2,500-$2,999 ($130,000-$155,999)",High,Clerical and Administrative Workers,Student,MELB - Outer,Greater Melbourne,Outer Melbourne,Part-time TAFE/Uni,Yes,Currently Studying,35->39,Adults,3,2+ cars,Female,Child,Fully Owned,Mornington Peninsula (S),"$1-$149 ($1-$7,799)",547.031360274,750.4991382,35.0
Y24H6010134P04,Y24H6010134,4,Vehicle Driver,Private,"$8,000 or more ($416,000 or more)",High,Managers,Student,MELB - Outer,Greater Melbourne,Outer Melbourne,Full-time TAFE/Uni,Yes,Currently Studying,20->24,Young Adults,5,2+ cars,Male,Child,Fully Owned,Mornington Peninsula (S),"$500-$649 ($26,000-$33,799)",1097.715946109,836.7909718,10.0
Y24H6010523P02,Y24H6010523,2,Train,Public,"$500-$649 ($26,000-$33,799)",Low,Labourers,Student,MELB - Outer,Greater Melbourne,Outer Melbourne,Part-time TAFE/Uni,Yes,Currently Studying,20->24,Young Adults,3,2+ cars,Male,Child,Fully Owned,Brimbank (C),"$500-$649 ($26,000-$33,799)",1753.219637402,875.6492412,74.0
Y24H6020338P01,Y24H6020338,1,Bicycle,Active,"$5,000-$5,999 ($260,000-$311,999)",High,Managers,Student,MELB - Inner,Greater Melbourne,Inner Melbourne,Part-time TAFE/Uni,Yes,Currently Studying,35->39,Adults,1,1 car,Male,Self,Being Rented,Yarra (C),"$1,750-$1,999 ($91,000-$103,999)",407.397865291,468.5404467,10.0
Y24H6020515P01,Y24H6020515,1,Vehicle Driver,Private,"$2,000-$2,499 ($104,000-$129,999)",High,Clerical and Administrative Workers,Student,MELB - Outer,Greater Melbourne,Outer Melbourne,Part-time TAFE/Uni,Yes,Currently Studying,50->54,Adults,2,2+ cars,Female,Self,Fully Owned,Hume (C),"$1,750-$1,999 ($91,000-$103,999)",833.416035064,383.77078,18.0
Y24H6030105P04,Y24H6030105,4,Vehicle Driver,Private,"$5,000-$5,999 ($260,000-$311,999)",High,Technicians and Trades Workers,Student,MELB - Outer,Greater Melbourne,Outer Melbourne,Full-time TAFE/Uni,Yes,Currently Studying,20->24,Young Adults,4,2+ cars,Male,Grandchild,Fully Owned,Mornington Peninsula (S),"$800-$999 ($41,600-$51,999)",1009.109391293,606.5674596,32.0
Y24H6030122P04,Y24H6030122,4,Vehicle Driver,Private,"$3,500-$3,999 ($182,000-$207,999)",High,Clerical and Administrative Workers,Student,MELB - Outer,Greater Melbourne,Outer Melbourne,Full-time TAFE/Uni,Yes,Currently Studying,20->24,Young Adults,4,2+ cars,Female,Child,Being Purchased,Mornington Peninsula (S),"$400-$499 ($20,800-$25,999)",773.332587752,551.436558,5.0
Y24H6030218P03,Y24H6030218,3,Vehicle Driver,Private,"$3,000-$3,499 ($156,000-$181,999)",High,Professionals,Student,MELB - Outer,Greater Melbourne,Outer Melbourne,Part-time TAFE/Uni,Yes,Currently Studying,20->24,Young Adults,4,2+ cars,Female,Child,Being Purchased,Maroondah (C),"$400-$499 ($20,800-$25,999)",877.78262601,1282.693343,54.0
Y24H6030218P04,Y24H6030218,4,Vehicle Driver,Private,"$3,000-$3,499 ($156,000-$181,999)",High,Technicians and Trades Workers,Student,MELB - Outer,Greater Melbourne,Outer Melbourne,Part-time TAFE/Uni,Yes,Currently Studying,15->19,Children,4,2+ cars,Male,Child,Being Purchased,Maroondah (C),"$150-$299 ($7,800-$15,599)",2656.974262827,1282.693343,7.0
Y24H6040105P04,Y24H6040105,4,Train,Public,"$4,000-$4,499 ($208,000-$233,999)",High,Professionals,Student,MELB - Outer,Greater Melbourne,Outer Melbourne,Full-time TAFE/Uni,Yes,Currently Studying,30->34,Adults,3,2+ cars,Female,Child,Fully Owned,Cardinia (S),"$1,500-$1,749 ($78,000-$90,999)",1868.900905118,1387.819261,117.0
Y24H6040515P05,Y24H6040515,5,Vehicle Driver,Private,"$650-$799 ($33,800-$41,599)",Low,Community and Personal Service Workers,Student,MELB - Outer,Greater Melbourne,Outer Melbourne,Full-time TAFE/Uni,Yes,Currently Studying,20->24,Young Adults,3,2+ cars,Female,Grandchild,Being Purchased,Melton (S),"$1-$149 ($1-$7,799)",1387.20954043,921.4946703,10.0
Y24H6050409P02,Y24H6050409,2,Train,Public,"$2,000-$2,499 ($104,000-$129,999)",High,Managers,Student,MELB - Outer,Greater Melbourne,Outer Melbourne,Full-time TAFE/Uni,Yes,Currently Studying,20->24,Young Adults,4,2+ cars,Female,Child,Being Purchased,Mitchell (S),"$150-$299 ($7,800-$15,599)",731.240077052,1233.446632,120.0
Y24H6050503P05,Y24H6050503,5,Train,Public,"$1,000-$1,249 ($52,000-$64,999)",Medium,Not in Work Force,Student,MELB - Outer,Greater Melbourne,Outer Melbourne,Full-time TAFE/Uni,No,Currently Studying,20->24,Young Adults,2,2+ cars,Female,Child,Being Rented,Wyndham (C),"$1-$149 ($1-$7,799)",1013.187877541,511.9965248,104.0
Y24H6050508P01,Y24H6050508,1,Vehicle Driver,Private,"$1,000-$1,249 ($52,000-$64,999)",Medium,Professionals,Student,MELB - Outer,Greater Melbourne,Outer Melbourne,Part-time TAFE/Uni,Yes,Currently Studying,25->29,Young Adults,1,1 car,Female,Self,Being Rented,Wyndham (C),"$1,000-$1,249 ($52,000-$64,999)",916.23144175,322.8434386,12.0
Y24H6060308P02,Y24H6060308,2,Tram,Public,"$2,500-$2,999 ($130,000-$155,999)",High,Not in Work Force,Student,MELB - Inner,Greater Melbourne,Inner Melbourne,Full-time TAFE/Uni,No,Currently Studying,15->19,Children,0,No car,Male,Sibling,Occupied Rent-Free,Merri-bek (C),"$150-$299 ($7,800-$15,599)",789.24028198,568.5968655,19.0
Y24H6060334P02,Y24H6060334,2,Vehicle Driver,Private,"$1,750-$1,999 ($91,000-$103,999)",Medium,Technicians and Trades Workers,Student,MELB - Inner,Greater Melbourne,Inner Melbourne,Part-time TAFE/Uni,Yes,Currently Studying,30->34,Adults,2,2+ cars,Female,Spouse,Being Rented,Merri-bek (C),"$800-$999 ($41,600-$51,999)",1629.675546616,618.920641,7.0
Y24H6066109P02,Y24H6066109,2,Vehicle Driver,Private,"$1,000-$1,249 ($52,000-$64,999)",Medium,Clerical and Administrative Workers,Student,Other,Shepparton SA4,Regional Victoria,Part-time TAFE/Uni,Yes,Currently Studying,30->34,Adults,1,1 car,Female,Spouse,Being Rented,Greater Shepparton (C),"$650-$799 ($33,800-$41,599)",269.38000027,192.2273567,25.0
Y24H6070104P02,Y24H6070104,2,Vehicle Driver,Private,"$4,000-$4,499 ($208,000-$233,999)",High,Professionals,Student,MELB - Outer,Greater Melbourne,Outer Melbourne,Part-time TAFE/Uni,Yes,Currently Studying,40->44,Adults,2,2+ cars,Female,Spouse,Being Purchased,Casey (C),"$1,500-$1,749 ($78,000-$90,999)",613.572983089,534.6972884,45.0
Y24H6070109P02,Y24H6070109,2,Public Bus,Public,"$3,000-$3,499 ($156,000-$181,999)",High,Not in Work Force,Student,MELB - Outer,Greater Melbourne,Outer Melbourne,Full-time TAFE/Uni,No,Currently Studying,25->29,Young Adults,7,2+ cars,Female,Spouse,Being Purchased,Casey (C),Nil income,1513.288545203,797.7075365,48.0
Y24H6070109P04,Y24H6070109,4,Vehicle Driver,Private,"$3,000-$3,499 ($156,000-$181,999)",High,Community and Personal Service Workers,Student,MELB - Outer,Greater Melbourne,Outer Melbourne,Part-time TAFE/Uni,Yes,Currently Studying,20->24,Young Adults,7,2+ cars,Male,Other relative,Being Purchased,Casey (C),"$650-$799 ($33,800-$41,599)",853.040039992,797.7075365,60.0
Y24H6070238P01,Y24H6070238,1,Vehicle Driver,Private,"$3,000-$3,499 ($156,000-$181,999)",High,Professionals,Student,MELB - Middle,Greater Melbourne,Outer Melbourne,Part-time TAFE/Uni,Yes,Currently Studying,35->39,Adults,2,2+ cars,Female,Self,Being Purchased,Maroondah (C),"$650-$799 ($33,800-$41,599)",748.73475585,675.2555329,45.0
Y24H6070423P01,Y24H6070423,1,Walking,Active,"$2,500-$2,999 ($130,000-$155,999)",High,Professionals,Student,MELB - Middle,Greater Melbourne,Outer Melbourne,Part-time TAFE/Uni,Yes,Currently Studying,40->44,Adults,0,No car,Male,Self,Being Rented,Banyule (C),"$2,000-$2,999 ($104,000-$155,999)",493.605095174,940.7729817,20.0
Y24H6080327P04,Y24H6080327,4,Vehicle Passenger,Private,"$8,000 or more ($416,000 or more)",High,Labourers,Student,MELB - Inner,Greater Melbourne,Inner Melbourne,Full-time TAFE/Uni,Yes,Currently Studying,20->24,Young Adults,2,2+ cars,Male,Child,Being Purchased,Hobsons Bay (C),"$1-$149 ($1-$7,799)",637.243238181,454.456514,10.0
Y24H6080428P01,Y24H6080428,1,Train,Public,"$1,250-$1,499 ($65,000-$77,999)",Medium,Community and Personal Service Workers,Student,MELB - Outer,Greater Melbourne,Outer Melbourne,Full-time TAFE/Uni,Yes,Currently Studying,25->29,Young Adults,1,1 car,Female,Self,Being Rented,Whittlesea (C),"$500-$649 ($26,000-$33,799)",1117.712268224,823.0114947,20.0
Y24H6080428P02,Y24H6080428,2,Vehicle Driver,Private,"$1,250-$1,499 ($65,000-$77,999)",Medium,Community and Personal Service Workers,Student,MELB - Outer,Greater Melbourne,Outer Melbourne,Full-time TAFE/Uni,Yes,Currently Studying,25->29,Young Adults,1,1 car,Male,Spouse,Being Rented,Whittlesea (C),"$650-$799 ($33,800-$41,599)",1095.695254779,823.0114947,22.0
Y24H6090317P02,Y24H6090317,2,Train,Public,"$2,500-$2,999 ($130,000-$155,999)",High,Not in Work Force,Student,MELB - Inner,Greater Melbourne,Inner Melbourne,Full-time TAFE/Uni,No,Currently Studying,55->59,Adults,1,1 car,Male,Unrelated,Being Purchased,Maribyrnong (C),"$2,000-$2,999 ($104,000-$155,999)",632.269546038,322.6046284,38.0
Y24H6110110P03,Y24H6110110,3,Vehicle Driver,Private,"$1,500-$1,749 ($78,000-$90,999)",Medium,Not in Work Force,Student,MELB - Outer,Greater Melbourne,Outer Melbourne,Full-time TAFE/Uni,No,Currently Studying,20->24,Young Adults,3,2+ cars,Female,Child,Being Purchased,Cardinia (S),Nil income,1744.92694608,866.2308483,60.0
Y24H6110118P03,Y24H6110118,3,Vehicle Driver,Private,"$6,000-$7,999 ($312,000-$415,999)",High,Clerical and Administrative Workers,Student,MELB - Outer,Greater Melbourne,Outer Melbourne,Part-time TAFE/Uni,Yes,Currently Studying,25->29,Young Adults,4,2+ cars,Female,Child,Being Purchased,Cardinia (S),"$300-$399 ($15,600-$20,799)",1380.488141716,1113.435282,35.0
Y24H6110118P04,Y24H6110118,4,Vehicle Driver,Private,"$6,000-$7,999 ($312,000-$415,999)",High,Technicians and Trades Workers,Student,MELB - Outer,Greater Melbourne,Outer Melbourne,Part-time TAFE/Uni,Yes,Currently Studying,20->24,Young Adults,4,2+ cars,Male,Child,Being Purchased,Cardinia (S),"$650-$799 ($33,800-$41,599)",2380.993011486,1113.435282,70.0
Y24H6110203P01,Y24H6110203,1,Vehicle Driver,Private,"$3,500-$3,999 ($182,000-$207,999)",High,Managers,Student,MELB - Outer,Greater Melbourne,Outer Melbourne,Part-time TAFE/Uni,Yes,Currently Studying,50->54,Adults,2,2+ cars,Male,Self,Being Purchased,Maroondah (C),"$2,000-$2,999 ($104,000-$155,999)",921.243192486,927.8424326,11.0
Y24H6110233P03,Y24H6110233,3,Vehicle Driver,Private,"$4,000-$4,499 ($208,000-$233,999)",High,Not in Work Force,Student,MELB - Outer,Greater Melbourne,Outer Melbourne,Part-time TAFE/Uni,No,Currently Studying,20->24,Young Adults,2,2+ cars,Female,Child,Being Rented,Yarra Ranges (S),"$1,250-$1,499 ($65,000-$77,999)",995.528605072,671.643778,15.0
Y24H6110236P01,Y24H6110236,1,Train,Public,"$1,750-$1,999 ($91,000-$103,999)",Medium,Not in Work Force,Student,MELB - Outer,Greater Melbourne,Outer Melbourne,Full-time TAFE/Uni,No,Currently Studying,25->29,Young Adults,4,2+ cars,Male,Self,Being Rented,Yarra Ranges (S),"$300-$399 ($15,600-$20,799)",2858.624267755,1196.418669,50.0
Y24H6110237P02,Y24H6110237,2,Vehicle Driver,Private,"$2,500-$2,999 ($130,000-$155,999)",High,Managers,Student,MELB - Outer,Greater Melbourne,Outer Melbourne,Part-time TAFE/Uni,Yes,Currently Studying,20->24,Young Adults,2,2+ cars,Male,Spouse,Being Purchased,Yarra Ranges (S),"$1,500-$1,749 ($78,000-$90,999)",605.307871359,788.2771163,20.0
Y24H6110317P03,Y24H6110317,3,Public Bus,Public,"$4,000-$4,499 ($208,000-$233,999)",High,Professionals,Student,MELB - Middle,Greater Melbourne,Outer Melbourne,Part-time TAFE/Uni,Yes,Currently Studying,25->29,Young Adults,1,1 car,Female,Other relative,Being Rented,Kingston (C),"$500-$649 ($26,000-$33,799)",838.663064533,454.9569651,17.0
Y24H6110324P04,Y24H6110324,4,Train,Public,"$3,000-$3,499 ($156,000-$181,999)",High,Clerical and Administrative Workers,Student,MELB - Middle,Greater Melbourne,Outer Melbourne,Part-time TAFE/Uni,Yes,Currently Studying,20->24,Young Adults,3,2+ cars,Male,Child,Fully Owned,Kingston (C),"$500-$649 ($26,000-$33,799)",475.270304429,506.6525337,61.0
Y24H6120138P04,Y24H6120138,4,Train,Public,"$3,500-$3,999 ($182,000-$207,999)",High,Not in Work Force,Student,MELB - Outer,Greater Melbourne,Outer Melbourne,Full-time TAFE/Uni,No,Currently Studying,15->19,Children,3,2+ cars,Male,Child,Fully Owned,Casey (C),"$150-$299 ($7,800-$15,599)",1964.053683605,832.1456781,71.0
Y24H6120234P03,Y24H6120234,3,Vehicle Driver,Private,"$3,500-$3,999 ($182,000-$207,999)",High,Sales Workers,Student,MELB - Middle,Greater Melbourne,Outer Melbourne,Full-time TAFE/Uni,Yes,Currently Studying,20->24,Young Adults,3,2+ cars,Male,Child,Being Purchased,Whitehorse (C),"$400-$499 ($20,800-$25,999)",373.662178279,559.4563677,15.0
Y24H6120301P01,Y24H6120301,1,Train,Public,"$500-$649 ($26,000-$33,799)",Low,Clerical and Administrative Workers,Student,MELB - Inner,Greater Melbourne,Inner Melbourne,Part-time TAFE/Uni,Yes,Currently Studying,25->29,Young Adults,0,No car,Female,Self,Fully Owned,Port Phillip (C),"$300-$399 ($15,600-$20,799)",428.804327929,386.786601,46.0
Y24H6120318P03,Y24H6120318,3,Tram,Public,"$2,500-$2,999 ($130,000-$155,999)",High,Sales Workers,Student,MELB - Inner,Greater Melbourne,Inner Melbourne,Full-time TAFE/Uni,Yes,Currently Studying,20->24,Young Adults,2,2+ cars,Female,Child,Being Purchased,Port Phillip (C),"$1-$149 ($1-$7,799)",700.323739809,540.7810925,49.0
Y24H6130231P04,Y24H6130231,4,Vehicle Driver,Private,"$4,000-$4,499 ($208,000-$233,999)",High,Technicians and Trades Workers,Student,MELB - Outer,Greater Melbourne,Outer Melbourne,Part-time TAFE/Uni,Yes,Currently Studying,20->24,Young Adults,3,2+ cars,Male,Grandchild,Being Rented,Knox (C),Nil income,505.563188416,405.0174171,33.0
Y24H6130401P02,Y24H6130401,2,Vehicle Driver,Private,"$2,000-$2,499 ($104,000-$129,999)",High,Clerical and Administrative Workers,Student,MELB - Outer,Greater Melbourne,Outer Melbourne,Part-time TAFE/Uni,Yes,Currently Studying,25->29,Young Adults,2,2+ cars,Female,Spouse,Being Rented,Whittlesea (C),"$800-$999 ($41,600-$51,999)",1081.830410057,1059.529631,49.0
Y24H6130415P03,Y24H6130415,3,Vehicle Driver,Private,"$4,000-$4,499 ($208,000-$233,999)",High,Technicians and Trades Workers,Student,MELB - Outer,Greater Melbourne,Outer Melbourne,Part-time TAFE/Uni,Yes,Currently Studying,25->29,Young Adults,2,2+ cars,Male,Child,Fully Owned,Whittlesea (C),"$800-$999 ($41,600-$51,999)",1435.604994472,1059.529631,57.0
Y24H6130436P01,Y24H6130436,1,Vehicle Driver,Private,"$3,000-$3,499 ($156,000-$181,999)",High,Professionals,Student,MELB - Outer,Greater Melbourne,Outer Melbourne,Part-time TAFE/Uni,Yes,Currently Studying,40->44,Adults,4,2+ cars,Female,Self,Being Rented,Whittlesea (C),"$1,250-$1,499 ($65,000-$77,999)",1372.313023113,2815.401816,29.0
Y24H6130436P04,Y24H6130436,4,Vehicle Passenger,Private,"$3,000-$3,499 ($156,000-$181,999)",High,Community and Personal Service Workers,Student,MELB - Outer,Greater Melbourne,Outer Melbourne,Full-time TAFE/Uni,Yes,Currently Studying,15->19,Children,4,2+ cars,Female,Child,Being Rented,Whittlesea (C),"$400-$499 ($20,800-$25,999)",3491.899605767,2815.401816,14.0
Y24H6140213P03,Y24H6140213,3,Vehicle Driver,Private,"$5,000-$5,999 ($260,000-$311,999)",High,Community and Personal Service Workers,Student,MELB - Inner,Greater Melbourne,Inner Melbourne,Part-time TAFE/Uni,Yes,Currently Studying,15->19,Children,3,2+ cars,Female,Child,Being Purchased,Boroondara (C),"$150-$299 ($7,800-$15,599)",933.54983507,1011.945869,17.0
Y24H6140239P02,Y24H6140239,2,Train,Public,"$4,000-$4,499 ($208,000-$233,999)",High,Not in Work Force,Student,MELB - Inner,Greater Melbourne,Inner Melbourne,Full-time TAFE/Uni,No,Currently Studying,20->24,Young Adults,3,2+ cars,Female,Child,Fully Owned,Stonnington (C),"$500-$649 ($26,000-$33,799)",1289.425483922,815.9743915,45.0
Y24H6140330P02,Y24H6140330,2,Vehicle Driver,Private,"$6,000-$7,999 ($312,000-$415,999)",High,Professionals,Student,MELB - Inner,Greater Melbourne,Inner Melbourne,Part-time TAFE/Uni,Yes,Currently Studying,45->49,Adults,2,2+ cars,Female,Spouse,Being Purchased,Port Phillip (C),"$3,000-$3,499 ($156,000-$181,999)",498.520699792,540.9139714,29.0
Y24H6140419P01,Y24H6140419,1,Vehicle Driver,Private,"$4,000-$4,499 ($208,000-$233,999)",High,Technicians and Trades Workers,Student,MELB - Inner,Greater Melbourne,Inner Melbourne,Full-time TAFE/Uni,Yes,Currently Studying,25->29,Young Adults,2,2+ cars,Male,Self,Being Rented,Merri-bek (C),"$1,250-$1,499 ($65,000-$77,999)",1168.722346765,407.2915989,30.0
Y24H6140522P03,Y24H6140522,3,Train,Public,"$1,750-$1,999 ($91,000-$103,999)",Medium,Labourers,Student,MELB - Outer,Greater Melbourne,Outer Melbourne,Full-time TAFE/Uni,Yes,Currently Studying,20->24,Young Adults,1,1 car,Female,Unrelated,Being Rented,Hobsons Bay (C),"$300-$399 ($15,600-$20,799)",704.878739477,424.8772601,53.0
Y24H6150305P03,Y24H6150305,3,Vehicle Driver,Private,"$3,500-$3,999 ($182,000-$207,999)",High,Not in Work Force,Student,MELB - Inner,Greater Melbourne,Inner Melbourne,Full-time TAFE/Uni,No,Currently Studying,20->24,Young Adults,3,2+ cars,Male,Child,Being Purchased,Moonee Valley (C),"$400-$499 ($20,800-$25,999)",1466.283142476,1130.485587,25.0
Y24H6150519P03,Y24H6150519,3,Vehicle Passenger,Private,"$650-$799 ($33,800-$41,599)",Low,Technicians and Trades Workers,Student,MELB - Outer,Greater Melbourne,Outer Melbourne,Part-time TAFE/Uni,Yes,Currently Studying,15->19,Children,3,2+ cars,Male,Child,Being Rented,Wyndham (C),Nil income,1511.36240811,739.6802725,28.0
Y24H6156204P01,Y24H6156204,1,Walking,Active,"$650-$799 ($33,800-$41,599)",Low,Labourers,Student,Other,Shepparton SA4,Regional Victoria,Full-time TAFE/Uni,Yes,Currently Studying,20->24,Young Adults,0,No car,Male,Self,Fully Owned,Greater Shepparton (C),"$650-$799 ($33,800-$41,599)",250.184791032,117.4809989,12.0
Y24H6160110P02,Y24H6160110,2,Public Bus,Public,"$800-$999 ($41,600-$51,999)",Medium,Not in Work Force,Student,MELB - Outer,Greater Melbourne,Outer Melbourne,Full-time TAFE/Uni,No,Currently Studying,25->29,Young Adults,0,No car,Male,Child,Being Purchased,Mornington Peninsula (S),"$800-$999 ($41,600-$51,999)",719.517348676,293.9259387,130.0
Y24H6160202P02,Y24H6160202,2,Vehicle Driver,Private,"$2,500-$2,999 ($130,000-$155,999)",High,Not in Work Force,Student,MELB - Middle,Greater Melbourne,Outer Melbourne,Part-time TAFE/Uni,No,Currently Studying,40->44,Adults,1,1 car,Male,Spouse,Being Rented,Monash (C),Nil income,867.871889261,625.5300373,15.0
Y24H6160215P03,Y24H6160215,3,Train,Public,"$4,000-$4,499 ($208,000-$233,999)",High,Professionals,Student,MELB - Middle,Greater Melbourne,Outer Melbourne,Full-time TAFE/Uni,Yes,Currently Studying,20->24,Young Adults,2,2+ cars,Female,Child,Fully Owned,Monash (C),"$1,000-$1,249 ($52,000-$64,999)",591.123747413,610.2648887,55.0
Y24H6160215P04,Y24H6160215,4,Train,Public,"$4,000-$4,499 ($208,000-$233,999)",High,Not in Work Force,Student,MELB - Middle,Greater Melbourne,Outer Melbourne,Full-time TAFE/Uni,No,Currently Studying,15->19,Children,2,2+ cars,Female,Child,Fully Owned,Monash (C),"$300-$399 ($15,600-$20,799)",1044.058983282,610.2648887,68.0
Y24H6160436P02,Y24H6160436,2,Vehicle Driver,Private,"$4,000-$4,499 ($208,000-$233,999)",High,Not in Work Force,Student,MELB - Outer,Greater Melbourne,Outer Melbourne,Part-time TAFE/Uni,No,Currently Studying,35->39,Adults,2,2+ cars,Male,Child,Being Purchased,Banyule (C),"$1,000-$1,249 ($52,000-$64,999)",342.818442384,264.4907104,55.0
Y24H6170123P02,Y24H6170123,2,Vehicle Driver,Private,"$2,500-$2,999 ($130,000-$155,999)",High,Community and Personal Service Workers,Student,MELB - Outer,Greater Melbourne,Outer Melbourne,Full-time TAFE/Uni,Yes,Currently Studying,20->24,Young Adults,3,2+ cars,Female,Child,Being Purchased,Casey (C),"$400-$499 ($20,800-$25,999)",711.390669825,562.8559337,35.0
Y24H6170424P01,Y24H6170424,1,Vehicle Driver,Private,"$3,000-$3,499 ($156,000-$181,999)",High,Technicians and Trades Workers,Student,MELB - Inner,Greater Melbourne,Inner Melbourne,Part-time TAFE/Uni,Yes,Currently Studying,25->29,Young Adults,2,2+ cars,Male,Self,Being Rented,Darebin (C),"$800-$999 ($41,600-$51,999)",3992.832510045,1507.547939,25.0
Y24H6170424P02,Y24H6170424,2,Tram,Public,"$3,000-$3,499 ($156,000-$181,999)",High,Professionals,Student,MELB - Inner,Greater Melbourne,Inner Melbourne,Part-time TAFE/Uni,Yes,Currently Studying,20->24,Young Adults,2,2+ cars,Male,Unrelated,Being Rented,Darebin (C),"$2,000-$2,999 ($104,000-$155,999)",1333.068567883,1507.547939,40.0
Y24H6170434P01,Y24H6170434,1,Walking,Active,"$1,000-$1,249 ($52,000-$64,999)",Medium,Community and Personal Service Workers,Student,MELB - Inner,Greater Melbourne,Inner Melbourne,Part-time TAFE/Uni,Yes,Currently Studying,40->44,Adults,0,No car,Female,Self,Being Rented,Darebin (C),"$1,000-$1,249 ($52,000-$64,999)",2393.64933218,1025.875951,40.0
Y24H6180126P01,Y24H6180126,1,Vehicle Driver,Private,"$4,500-$4,999 ($234,000-$259,999)",High,Community and Personal Service Workers,Student,MELB - Outer,Greater Melbourne,Outer Melbourne,Full-time TAFE/Uni,Yes,Currently Studying,40->44,Adults,1,1 car,Male,Self,Being Rented,Greater Dandenong (C),"$1,500-$1,749 ($78,000-$90,999)",1138.163250173,999.8397327,45.0
Y24H6180407P02,Y24H6180407,2,Vehicle Driver,Private,"$650-$799 ($33,800-$41,599)",Low,Not in Work Force,Student,MELB - Inner,Greater Melbourne,Inner Melbourne,Full-time TAFE/Uni,No,Currently Studying,20->24,Young Adults,2,2+ cars,Female,Unrelated,Being Rented,Merri-bek (C),Nil income,1067.510671161,660.0359641,30.0
Y24H6190214P03,Y24H6190214,3,Vehicle Driver,Private,"$3,000-$3,499 ($156,000-$181,999)",High,Sales Workers,Student,MELB - Middle,Greater Melbourne,Outer Melbourne,Full-time TAFE/Uni,Yes,Currently Studying,20->24,Young Adults,3,2+ cars,Male,Child,Fully Owned,Boroondara (C),"$150-$299 ($7,800-$15,599)",1652.630440147,2004.173094,20.0
Y24H6190219P03,Y24H6190219,3,Other,Other,"$1,000-$1,249 ($52,000-$64,999)",Medium,Not in Work Force,Student,MELB - Middle,Greater Melbourne,Outer Melbourne,Full-time TAFE/Uni,No,Currently Studying,20->24,Young Adults,2,2+ cars,Male,Child,Fully Owned,Boroondara (C),"$400-$499 ($20,800-$25,999)",1175.779140107,968.6134105,120.0
Y24H6190229P02,Y24H6190229,2,Vehicle Driver,Private,"$2,500-$2,999 ($130,000-$155,999)",High,Professionals,Student,MELB - Middle,Greater Melbourne,Outer Melbourne,Part-time TAFE/Uni,Yes,Currently Studying,30->34,Adults,2,2+ cars,Female,Spouse,Being Rented,Boroondara (C),"$1,250-$1,499 ($65,000-$77,999)",887.618673784,733.9109883,40.0
Y24H6200137P03,Y24H6200137,3,Train,Public,"$300-$399 ($15,600-$20,799)",Low,Not in Work Force,Student,MELB - Outer,Greater Melbourne,Outer Melbourne,Full-time TAFE/Uni,No,Currently Studying,20->24,Young Adults,0,No car,Female,Child,Being Rented,Mornington Peninsula (S),"$300-$399 ($15,600-$20,799)",644.735436958,320.8468107,131.0
Y24H6200139P01,Y24H6200139,1,Vehicle Driver,Private,"$1,000-$1,249 ($52,000-$64,999)",Medium,Labourers,Student,MELB - Outer,Greater Melbourne,Outer Melbourne,Part-time TAFE/Uni,Yes,Currently Studying,25->29,Young Adults,1,1 car,Male,Self,Being Rented,Mornington Peninsula (S),"$1,000-$1,249 ($52,000-$64,999)",1161.012324744,612.4241753,45.0
Y24H6200311P04,Y24H6200311,4,Train,Public,"$3,000-$3,499 ($156,000-$181,999)",High,Not in Work Force,Student,MELB - Middle,Greater Melbourne,Outer Melbourne,Full-time TAFE/Uni,No,Currently Studying,20->24,Young Adults,3,2+ cars,Female,Child,Fully Owned,Bayside (C),"$1-$149 ($1-$7,799)",666.739397954,522.5439466,50.0
Y24H6200311P05,Y24H6200311,5,Vehicle Passenger,Private,"$3,000-$3,499 ($156,000-$181,999)",High,Clerical and Administrative Workers,Student,MELB - Middle,Greater Melbourne,Outer Melbourne,Full-time TAFE/Uni,Yes,Currently Studying,15->19,Children,3,2+ cars,Male,Child,Fully Owned,Bayside (C),"$300-$399 ($15,600-$20,799)",507.787693379,522.5439466,34.0
Y24H6200331P03,Y24H6200331,3,Vehicle Driver,Private,"$3,500-$3,999 ($182,000-$207,999)",High,Clerical and Administrative Workers,Student,MELB - Middle,Greater Melbourne,Outer Melbourne,Full-time TAFE/Uni,Yes,Currently Studying,20->24,Young Adults,3,2+ cars,Female,Child,Being Purchased,Glen Eira (C),"$150-$299 ($7,800-$15,599)",406.568706894,393.1431078,30.0
Y24H6200333P03,Y24H6200333,3,Vehicle Driver,Private,"$300-$399 ($15,600-$20,799)",Low,Clerical and Administrative Workers,Student,MELB - Middle,Greater Melbourne,Outer Melbourne,Part-time TAFE/Uni,Yes,Currently Studying,20->24,Young Adults,3,2+ cars,Male,Child,Fully Owned,Glen Eira (C),"$300-$399 ($15,600-$20,799)",405.971697673,400.6253853,30.0
Y24H6200339P01,Y24H6200339,1,Vehicle Driver,Private,"$5,000-$5,999 ($260,000-$311,999)",High,Professionals,Student,MELB - Middle,Greater Melbourne,Outer Melbourne,Full-time TAFE/Uni,Yes,Currently Studying,50->54,Adults,3,2+ cars,Female,Self,Fully Owned,Glen Eira (C),"$1,500-$1,749 ($78,000-$90,999)",549.597118305,378.6335232,43.0
Y24H6210208P02,Y24H6210208,2,Vehicle Driver,Private,"$3,500-$3,999 ($182,000-$207,999)",High,Professionals,Student,MELB - Outer,Greater Melbourne,Outer Melbourne,Part-time TAFE/Uni,Yes,Currently Studying,50->54,Adults,2,2+ cars,Female,Spouse,Being Purchased,Knox (C),"$1,000-$1,249 ($52,000-$64,999)",566.740142748,487.8346101,27.0
Y24H6230127P04,Y24H6230127,4,Vehicle Driver,Private,"$2,000-$2,499 ($104,000-$129,999)",High,Community and Personal Service Workers,Student,MELB - Middle,Greater Melbourne,Outer Melbourne,Part-time TAFE/Uni,Yes,Currently Studying,20->24,Young Adults,3,2+ cars,Male,Child,Fully Owned,Greater Dandenong (C),"$1-$149 ($1-$7,799)",1310.417363832,1082.624113,26.0
Y24H6230404P04,Y24H6230404,4,Train,Public,"$6,000-$7,999 ($312,000-$415,999)",High,Not in Work Force,Student,MELB - Middle,Greater Melbourne,Outer Melbourne,Full-time TAFE/Uni,No,Currently Studying,15->19,Children,4,2+ cars,Male,Child,Fully Owned,Banyule (C),"$1-$149 ($1-$7,799)",1503.365783461,781.8044924,58.0
Y24H6230405P02,Y24H6230405,2,Train,Public,"$1,750-$1,999 ($91,000-$103,999)",Medium,Community and Personal Service Workers,Student,MELB - Middle,Greater Melbourne,Outer Melbourne,Full-time TAFE/Uni,Yes,Currently Studying,25->29,Young Adults,1,1 car,Female,Spouse,Being Rented,Banyule (C),"$300-$399 ($15,600-$20,799)",426.793916916,295.7304492,82.0
Y24H6230432P06,Y24H6230432,6,Vehicle Driver,Private,"$2,000-$2,499 ($104,000-$129,999)",High,Sales Workers,Student,MELB - Middle,Greater Melbourne,Outer Melbourne,Full-time TAFE/Uni,Yes,Currently Studying,15->19,Children,1,1 car,Female,Grandchild,Fully Owned,Manningham (C),"$300-$399 ($15,600-$20,799)",471.463547892,638.7554989,45.0
Y24H6230531P01,Y24H6230531,1,Vehicle Driver,Private,"$2,500-$2,999 ($130,000-$155,999)",High,Professionals,Student,MELB - Outer,Greater Melbourne,Outer Melbourne,Full-time TAFE/Uni,Yes,Currently Studying,40->44,Adults,2,2+ cars,Male,Self,Being Purchased,Moorabool (S),"$800-$999 ($41,600-$51,999)",264.747225567,348.8795321,44.0
Y24H6240404P02,Y24H6240404,2,Vehicle Driver,Private,"$2,500-$2,999 ($130,000-$155,999)",High,Professionals,Student,MELB - Middle,Greater Melbourne,Outer Melbourne,Part-time TAFE/Uni,Yes,Currently Studying,35->39,Adults,2,2+ cars,Female,Spouse,Being Purchased,Banyule (C),"$1,250-$1,499 ($65,000-$77,999)",213.989226753,400.4730389,50.0
Y24H6240426P02,Y24H6240426,2,Vehicle Driver,Private,"$3,000-$3,499 ($156,000-$181,999)",High,Technicians and Trades Workers,Student,MELB - Middle,Greater Melbourne,Outer Melbourne,Part-time TAFE/Uni,Yes,Currently Studying,20->24,Young Adults,7,2+ cars,Male,Unrelated,Fully Owned,Banyule (C),"$1,000-$1,249 ($52,000-$64,999)",1643.258094579,1902.252423,30.0
Y24H6250105P04,Y24H6250105,4,Vehicle Driver,Private,"$4,500-$4,999 ($234,000-$259,999)",High,Community and Personal Service Workers,Student,MELB - Outer,Greater Melbourne,Outer Melbourne,Full-time TAFE/Uni,Yes,Currently Studying,15->19,Children,4,2+ cars,Female,Child,Being Purchased,Frankston (C),"$1-$149 ($1-$7,799)",1322.88363733,1282.693646,30.0
Y24H6090309P03,Y24H6090309,3,Public Bus,Public,"$800-$999 ($41,600-$51,999)",Medium,Not in Work Force,Student,MELB - Inner,Greater Melbourne,Inner Melbourne,Part-time TAFE/Uni,No,Currently Studying,25->29,Young Adults,1,1 car,Female,Unrelated,Being Rented,Maribyrnong (C),"$150-$299 ($7,800-$15,599)",509.851530309,264.8401165,53.0
Y24H6180402P02,Y24H6180402,2,Public Bus,Public,"$650-$799 ($33,800-$41,599)",Low,Technicians and Trades Workers,Student,MELB - Inner,Greater Melbourne,Inner Melbourne,Full-time TAFE/Uni,Yes,Currently Studying,20->24,Young Adults,1,1 car,Female,Spouse,Being Rented,Merri-bek (C),"$300-$399 ($15,600-$20,799)",1027.165595538,408.5862002,15.0
